benchmark,real_cpi,real_ipc
cjpeg,2.806106,0.356366
core,3.100516,0.322527
linear,0.807818,1.237903
loops,1.219880,0.819753
nnet,2.620717,0.381575
parser,0.349226,2.863476
radix2,0.690371,1.448497
sha,0.701933,1.424637
